{
  "recall_5": 0.3641253437282809,
  "mrr_5": 0.2552444373936008,
  "ild_5": 0.5762842476193412,
  "popularity_bias_5": 0.05276997485331258,
  "recall_10": 0.4344574381289094,
  "mrr_10": 0.2646935206409576,
  "ild_10": 0.6218450226333417,
  "popularity_bias_10": 0.04893403185247531,
  "recall_20": 0.49654005378781013,
  "mrr_20": 0.26902827638202953,
  "ild_20": 0.6680491312690865,
  "popularity_bias_20": 0.0451313034367146
}