{
  "recall_5": 0.08693638558999636,
  "mrr_5": 0.050569541389614885,
  "ild_5": 0.9288754049507604,
  "popularity_bias_5": 0.03032308042300015,
  "recall_10": 0.12024876773958781,
  "mrr_10": 0.05503726317679788,
  "ild_10": 0.94836537505136,
  "popularity_bias_10": 0.028265032955110334,
  "recall_20": 0.1553144331602104,
  "mrr_20": 0.05746724652276528,
  "ild_20": 0.963743360518126,
  "popularity_bias_20": 0.02636530627721158
}