{
  "recall_5": 0.2615895274680192,
  "mrr_5": 0.16084672857692864,
  "ild_5": 1.0,
  "popularity_bias_5": 0.09733660612439705,
  "recall_10": 0.3452616268228098,
  "mrr_10": 0.17205431918537586,
  "ild_10": 1.0,
  "popularity_bias_10": 0.08629123414014409,
  "recall_20": 0.41940476634468354,
  "mrr_20": 0.17729973547138214,
  "ild_20": 1.0,
  "popularity_bias_20": 0.07070132306057898
}