{
  "recall_5": 0.3627579850723718,
  "mrr_5": 0.259878347888267,
  "ild_5": 0.7176194660553783,
  "popularity_bias_5": 0.05487492036881884,
  "recall_10": 0.4275602091076663,
  "mrr_10": 0.2685859391450353,
  "ild_10": 0.7534497283204308,
  "popularity_bias_10": 0.05132761106454529,
  "recall_20": 0.48497416372042423,
  "mrr_20": 0.2726080076421929,
  "ild_20": 0.7885499552548783,
  "popularity_bias_20": 0.04821527661358082
}