{
  "recall_5": 0.39946235438764666,
  "mrr_5": 0.2428386854773272,
  "ild_5": 0.7056464403680278,
  "popularity_bias_5": 0.14117228614308167,
  "recall_10": 0.5135140767291141,
  "mrr_10": 0.2581420778312773,
  "ild_10": 0.756518974667429,
  "popularity_bias_10": 0.13073829914957832,
  "recall_20": 0.6113947527455352,
  "mrr_20": 0.2649842149226688,
  "ild_20": 0.8093503849499957,
  "popularity_bias_20": 0.11813943471737419
}