{
  "recall_5": 0.0001300855312367882,
  "mrr_5": 7.04629960865936e-05,
  "ild_5": 1.0,
  "popularity_bias_5": 0.013399262236216725,
  "recall_10": 0.0002601710624735764,
  "mrr_10": 0.00011987743052167913,
  "ild_10": 1.0,
  "popularity_bias_10": 0.013395901057254335,
  "recall_20": 0.00022764967966437932,
  "mrr_20": 3.3706685955539575e-05,
  "ild_20": 1.0,
  "popularity_bias_20": 0.013392582131548746
}