{
  "recall_5": 0.00029836273449446166,
  "mrr_5": 0.00014420865500565646,
  "ild_5": 1.0,
  "popularity_bias_5": 0.007026633316657781,
  "recall_10": 0.0006153731398948272,
  "mrr_10": 0.00018327256560576218,
  "ild_10": 1.0,
  "popularity_bias_10": 0.006777828914458695,
  "recall_20": 0.0013426323052250775,
  "mrr_20": 0.0002309952300319595,
  "ild_20": 1.0,
  "popularity_bias_20": 0.006724142071035583
}