{
  "recall_5": 0.4085273094796507,
  "mrr_5": 0.2422638770222602,
  "ild_5": 0.33494961670589385,
  "popularity_bias_5": 0.13033133566784794,
  "recall_10": 0.5283514285118887,
  "mrr_10": 0.25832556006406543,
  "ild_10": 0.3886838815986834,
  "popularity_bias_10": 0.11772175587794677,
  "recall_20": 0.6315252047429513,
  "mrr_20": 0.26559105329592336,
  "ild_20": 0.4499758464340038,
  "popularity_bias_20": 0.1038128989494879
}