{
  "recall_5": 0.02232126207436691,
  "mrr_5": 0.006766307388207146,
  "ild_5": 0.15027329664831046,
  "popularity_bias_5": 0.7879035517759809,
  "recall_10": 0.02560325215380599,
  "mrr_10": 0.007184370410230931,
  "ild_10": 0.14479332332832334,
  "popularity_bias_10": 0.7012748474239054,
  "recall_20": 0.043859321970685865,
  "mrr_20": 0.008386384723118786,
  "ild_20": 0.177735671519977,
  "popularity_bias_20": 0.5765819259630866
}