{
  "recall_5": 0.00143094084360467,
  "mrr_5": 0.0006325408956388824,
  "ild_5": 0.21278433277336753,
  "popularity_bias_5": 0.6930626765556716,
  "recall_10": 0.002146411265407005,
  "mrr_10": 0.0007378095145177002,
  "ild_10": 0.1953363058853206,
  "popularity_bias_10": 0.5700947947869596,
  "recall_20": 0.0039676087027220395,
  "mrr_20": 0.0008652220020303481,
  "ild_20": 0.16720818841325055,
  "popularity_bias_20": 0.46022561961392583
}